{
  "accuracy": 0.8658404965142273,
  "precision": 0.9284130275036742,
  "recall": 0.5524496273536841,
  "f1": 0.6927062808861432,
  "roc_auc": 0.7811044276131581,
  "confusion_matrix": [
    [
      668752,
      10911
    ],
    [
      114636,
      141505
    ]
  ],
  "cv_roc_auc_mean": 0.9975729903786708,
  "cv_roc_auc_std": 0.0012224744588906278
}