{
  "accuracy": 0.8377010570589568,
  "precision": 0.9838950719848512,
  "recall": 0.4138189512807399,
  "f1": 0.5826004748922698,
  "roc_auc": 0.864173370302069,
  "confusion_matrix": [
    [
      677928,
      1735
    ],
    [
      150145,
      105996
    ]
  ],
  "cv_roc_auc_mean": 0.99975243446524,
  "cv_roc_auc_std": 1.3564886909321195e-05
}