{
  "accuracy": 0.7776959705237422,
  "precision": 0.8442285125504451,
  "recall": 0.2303145533124334,
  "f1": 0.3618991531168429,
  "roc_auc": 0.9085958498237816,
  "confusion_matrix": [
    [
      668778,
      10885
    ],
    [
      197148,
      58993
    ]
  ],
  "cv_roc_auc_mean": 0.9110608382946787,
  "cv_roc_auc_std": 0.00048735319049410584
}