{
  "accuracy": 0.6997222554907295,
  "precision": 0.9420303303462538,
  "recall": 0.5954617440778944,
  "f1": 0.7296857431832301,
  "roc_auc": 0.7562310521201552,
  "confusion_matrix": [
    [
      51627,
      4373
    ],
    [
      48278,
      71063
    ]
  ]
}