{
  "accuracy": 0.3193776697977085,
  "precision": 0.0,
  "recall": 0.0,
  "f1": 0.0,
  "roc_auc": 0.23573016031791252,
  "confusion_matrix": [
    [
      56000,
      0
    ],
    [
      119341,
      0
    ]
  ]
}