{
  "accuracy": 0.3242481792621235,
  "precision": 0.7221644120707597,
  "recall": 0.01163053770288501,
  "f1": 0.02289239091891179,
  "roc_auc": 0.3154820200098876,
  "confusion_matrix": [
    [
      55466,
      534
    ],
    [
      117953,
      1388
    ]
  ]
}