{
  "unsw_random_forest": {
    "accuracy": 0.8778437444750514,
    "precision": 0.9841966811052434,
    "recall": 0.8339129050368272,
    "f1": 0.902843612644528,
    "roc_auc": 0.9820396406844971,
    "confusion_matrix": [
      [
        54402,
        1598
      ],
      [
        19821,
        99520
      ]
    ],
    "cv_roc_auc_mean": 0.9823912263590835,
    "cv_roc_auc_std": 0.0006917359990036226
  },
  "cicids_random_forest": {
    "accuracy": 0.8377010570589568,
    "precision": 0.9838950719848512,
    "recall": 0.4138189512807399,
    "f1": 0.5826004748922698,
    "roc_auc": 0.864173370302069,
    "confusion_matrix": [
      [
        677928,
        1735
      ],
      [
        150145,
        105996
      ]
    ],
    "cv_roc_auc_mean": 0.99975243446524,
    "cv_roc_auc_std": 1.3564886909321195e-05
  },
  "unsw_svm": {
    "accuracy": 0.7442697372548349,
    "precision": 0.9396739964354426,
    "recall": 0.6670968066297417,
    "f1": 0.7802650148972873,
    "roc_auc": 0.8466393040740399,
    "confusion_matrix": [
      [
        50889,
        5111
      ],
      [
        39729,
        79612
      ]
    ],
    "cv_roc_auc_mean": 0.8096731579828257,
    "cv_roc_auc_std": 0.001057388560121116
  },
  "cicids_svm": {
    "accuracy": 0.7776959705237422,
    "precision": 0.8442285125504451,
    "recall": 0.2303145533124334,
    "f1": 0.3618991531168429,
    "roc_auc": 0.9085958498237816,
    "confusion_matrix": [
      [
        668778,
        10885
      ],
      [
        197148,
        58993
      ]
    ],
    "cv_roc_auc_mean": 0.9110608382946787,
    "cv_roc_auc_std": 0.00048735319049410584
  },
  "unsw_decision_tree": {
    "accuracy": 0.8630326050381827,
    "precision": 0.9680916885183112,
    "recall": 0.8259860400030166,
    "f1": 0.8914108986996074,
    "roc_auc": 0.9689493464555947,
    "confusion_matrix": [
      [
        52751,
        3249
      ],
      [
        20767,
        98574
      ]
    ],
    "cv_roc_auc_mean": 0.9683972337416795,
    "cv_roc_auc_std": 0.0021151616283486534
  },
  "cicids_decision_tree": {
    "accuracy": 0.8658404965142273,
    "precision": 0.9284130275036742,
    "recall": 0.5524496273536841,
    "f1": 0.6927062808861432,
    "roc_auc": 0.7811044276131581,
    "confusion_matrix": [
      [
        668752,
        10911
      ],
      [
        114636,
        141505
      ]
    ],
    "cv_roc_auc_mean": 0.9975729903786708,
    "cv_roc_auc_std": 0.0012224744588906278
  },
  "cross_unsw_to_cicids_rf": {
    "accuracy": 0.6868211719548111,
    "precision": 0.13069215847049176,
    "recall": 0.025513291507411932,
    "f1": 0.04269232779345667,
    "roc_auc": 0.31607296737861107,
    "confusion_matrix": [
      [
        636195,
        43468
      ],
      [
        249606,
        6535
      ]
    ]
  },
  "cross_unsw_to_cicids_svm": {
    "accuracy": 0.27829545503118175,
    "precision": 0.27497249104952687,
    "recall": 1.0,
    "f1": 0.43133870413655134,
    "roc_auc": 0.45870020709999954,
    "confusion_matrix": [
      [
        4289,
        675374
      ],
      [
        0,
        256141
      ]
    ]
  },
  "cross_cicids_to_unsw_rf": {
    "accuracy": 0.3193776697977085,
    "precision": 0.0,
    "recall": 0.0,
    "f1": 0.0,
    "roc_auc": 0.23573016031791252,
    "confusion_matrix": [
      [
        56000,
        0
      ],
      [
        119341,
        0
      ]
    ]
  },
  "cross_cicids_to_unsw_svm": {
    "accuracy": 0.6997222554907295,
    "precision": 0.9420303303462538,
    "recall": 0.5954617440778944,
    "f1": 0.7296857431832301,
    "roc_auc": 0.7562310521201552,
    "confusion_matrix": [
      [
        51627,
        4373
      ],
      [
        48278,
        71063
      ]
    ]
  },
  "cross_unsw_to_cicids_dt": {
    "accuracy": 0.3276241606148296,
    "precision": 0.26229309736227413,
    "recall": 0.8035769361406413,
    "f1": 0.39549415392892484,
    "roc_auc": 0.47592588131435226,
    "confusion_matrix": [
      [
        100763,
        578900
      ],
      [
        50312,
        205829
      ]
    ]
  },
  "cross_cicids_to_unsw_dt": {
    "accuracy": 0.3242481792621235,
    "precision": 0.7221644120707597,
    "recall": 0.01163053770288501,
    "f1": 0.02289239091891179,
    "roc_auc": 0.3154820200098876,
    "confusion_matrix": [
      [
        55466,
        534
      ],
      [
        117953,
        1388
      ]
    ]
  }
}