{
  "accuracy": 0.3276241606148296,
  "precision": 0.26229309736227413,
  "recall": 0.8035769361406413,
  "f1": 0.39549415392892484,
  "roc_auc": 0.47592588131435226,
  "confusion_matrix": [
    [
      100763,
      578900
    ],
    [
      50312,
      205829
    ]
  ]
}