{
  "accuracy": 0.6868211719548111,
  "precision": 0.13069215847049176,
  "recall": 0.025513291507411932,
  "f1": 0.04269232779345667,
  "roc_auc": 0.31607296737861107,
  "confusion_matrix": [
    [
      636195,
      43468
    ],
    [
      249606,
      6535
    ]
  ]
}