{
  "accuracy": 0.27829545503118175,
  "precision": 0.27497249104952687,
  "recall": 1.0,
  "f1": 0.43133870413655134,
  "roc_auc": 0.45870020709999954,
  "confusion_matrix": [
    [
      4289,
      675374
    ],
    [
      0,
      256141
    ]
  ]
}