{
  "accuracy": 0.8778437444750514,
  "precision": 0.9841966811052434,
  "recall": 0.8339129050368272,
  "f1": 0.902843612644528,
  "roc_auc": 0.9820396406844971,
  "confusion_matrix": [
    [
      54402,
      1598
    ],
    [
      19821,
      99520
    ]
  ],
  "cv_roc_auc_mean": 0.9823912263590835,
  "cv_roc_auc_std": 0.0006917359990036226
}