{
  "accuracy": 0.8630326050381827,
  "precision": 0.9680916885183112,
  "recall": 0.8259860400030166,
  "f1": 0.8914108986996074,
  "roc_auc": 0.9689493464555947,
  "confusion_matrix": [
    [
      52751,
      3249
    ],
    [
      20767,
      98574
    ]
  ],
  "cv_roc_auc_mean": 0.9683972337416795,
  "cv_roc_auc_std": 0.0021151616283486534
}