{
  "accuracy": 0.7442697372548349,
  "precision": 0.9396739964354426,
  "recall": 0.6670968066297417,
  "f1": 0.7802650148972873,
  "roc_auc": 0.8466393040740399,
  "confusion_matrix": [
    [
      50889,
      5111
    ],
    [
      39729,
      79612
    ]
  ],
  "cv_roc_auc_mean": 0.8096731579828257,
  "cv_roc_auc_std": 0.001057388560121116
}